price,sertifikasi,n_bed,n_bath,luas_bangunan,area,city
1850000000,shm,4,2,130,Jagakarsa, Jakarta Selatan
15500000000,shm,5,4,400,Cilandak, Jakarta Selatan
1500000000,shm,5,3,148,Pasar Minggu, Jakarta Selatan
474000000,shm,2,2,41,Tanjung Priok, Jakarta Utara
1050000000,shm,4,3,150,Cakung, Jakarta Timur
2000000004,shm,3,2,103,Palmerah, Jakarta Barat
750000000,shm,2,1,95,Matraman, Jakarta Timur
1400000003,shm,3,2,90,Jagakarsa, Jakarta Selatan
750000000,shm,3,2,70,Duren Sawit, Jakarta Timur
700000000,shm,3,3,250,Kemayoran, Jakarta Pusat
1500000000,shm,4,4,575,Cipayung, Jakarta Timur
2800000000,shm,4,4,160,Tanah Abang, Jakarta Pusat
3800000000,shm,4,4,200,Pesanggrahan, Jakarta Selatan
5700000000,shm,5,5,300,Cibubur, Jakarta Timur
500000000,shm,2,2,40,Cempaka Putih, Jakarta Pusat
7500000000,shm,5,5,355,Duren Sawit, Jakarta Timur
510000000,shm,2,1,40,Jagakarsa, Jakarta Selatan
1800000000,shm,3,1,69,Cakung, Jakarta Timur
3100000000,shm,3,2,140,Kelapa Gading, Jakarta Utara
509000000,shm,2,2,40,Pulo Gadung, Jakarta Timur
700000004,shm,2,2,55,Cengkareng, Jakarta Barat
2100000000,shm,6,3,170,Cibubur, Jakarta Timur
3200000000,shm,5,4,200,Tanah Abang, Jakarta Pusat
6500000000,shm,4,3,219,Pesanggrahan, Jakarta Selatan
2153000000,shm,4,3,125,Cempaka Putih, Jakarta Pusat
800000000,shm,3,2,100,Pasar Minggu, Jakarta Selatan
4200000000,shm,4,3,248,Pesanggrahan, Jakarta Selatan
2750000000,shm,5,5,200,Jagakarsa, Jakarta Selatan
1300000000,shm,3,2,75,Cipayung, Jakarta Timur
1655500000,shm,4,3,103,Cempaka Putih, Jakarta Pusat
2000000004,shm,3,2,103,Kembangan, Jakarta Barat
1200000000,shm,5,3,85,Kramat Jati, Jakarta Timur
2300000000,shm,5,2,140,Kramat Jati, Jakarta Timur
650000000,shm,2,2,38,Taman Sari, Jakarta Barat
2400000000,shm,3,3,94,Cempaka Putih, Jakarta Pusat
65000000,shm,3,2,90,Jagakarsa, Jakarta Selatan
2100000000,shm,1,3,130,Grogol Petamburan, Jakarta Barat
6600000000,shm,4,3,248,Grogol Petamburan, Jakarta Barat
7800000000,shm,5,4,348,Senen, Jakarta Pusat
3600000000,shm,4,5,250,Jagakarsa, Jakarta Selatan
2688000000,shm,4,3,144,Kelapa Gading, Jakarta Utara
2900000000,shm,3,3,137,Tomang, Jakarta Barat
895000000,shm,3,3,71,Cempaka Putih, Jakarta Pusat
420000000,shm,2,2,31,Jatinegara, Jakarta Timur
1500000000,shm,3,2,120,Johar Baru, Jakarta Pusat
500000000,shm,4,2,77,Penjaringan, Jakarta Utara
500000000,shm,4,2,77,Cibubur, Jakarta Timur
1450000000,shm,4,2,160,Kramat Jati, Jakarta Timur
4250000000,shm,3,2,150,Kembangan, Jakarta Barat
700000000,shm,3,2,50,Kebayoran Lama, Jakarta Selatan
473000000,shm,2,2,39,Kemayoran, Jakarta Pusat
590000000,shm,2,1,48,Pasar Minggu, Jakarta Selatan
500000000,shm,4,2,77,Kemang, Jakarta Selatan
500000000,shm,4,2,77,Cempaka Putih, Jakarta Pusat
8000000000,shm,4,4,360,Penjaringan, Jakarta Utara
10000000000,shm,8,4,750,Cilandak, Jakarta Selatan
500000000,shm,4,2,77,Kebon Jeruk, Jakarta Barat
5500000000,shm,6,4,300,Jatinegara, Jakarta Timur
10000000000,shm,10,10,1000,Kemang, Jakarta Selatan
8300000000,shm,10,10,850,Cempaka Putih, Jakarta Pusat
1775000000,shm,4,4,150,Jagakarsa, Jakarta Selatan
1500000000,shm,4,4,120,Jagakarsa, Jakarta Selatan
3650000000,shm,6,6,310,Jagakarsa, Jakarta Selatan
9200000000,shm,6,5,450,Kembangan, Jakarta Barat
850000000,shm,3,2,90,Cipayung, Jakarta Timur
1628000000,shm,2,3,68,Cempaka Putih, Jakarta Pusat
2100000000,shm,4,1,150,Kebayoran Lama, Jakarta Selatan
8764000000,shm,6,6,310,Kemang, Jakarta Selatan
2250000000,shm,4,4,180,Jagakarsa, Jakarta Selatan
1025000000,shm,3,2,100,Jagakarsa, Jakarta Selatan
1200000000,shm,4,2,160,Cilandak, Jakarta Selatan
8500000000,shm,4,3,600,Cilandak, Jakarta Selatan
700000001,shm,2,2,58,Jagakarsa, Jakarta Selatan
4000000000,shm,4,3,325,Kembangan, Jakarta Barat
10900000000,shm,5,4,400,Cilandak, Jakarta Selatan
900000000,shm,3,2,100,Jagakarsa, Jakarta Selatan
3700000000,shm,6,4,250,Pasar Minggu, Jakarta Selatan
11000000000,shm,4,4,330,Jagakarsa, Jakarta Selatan
972500000,shm,3,2,73,Cempaka Putih, Jakarta Pusat
2000000000,shm,4,2,200,Duren Sawit, Jakarta Timur
750000000,shm,2,1,66,Senen, Jakarta Pusat
2580000000,shm,2,2,152,Kramat Jati, Jakarta Timur
1775000000,shm,5,5,180,Jagakarsa, Jakarta Selatan
900000001,shm,3,2,58,Cengkareng, Jakarta Barat
2800000000,shm,4,4,160,Pulo Gadung, Jakarta Timur
3500000000,shm,4,4,155,Pulo Gadung, Jakarta Timur
4500000000,shm,6,4,400,Kebayoran Baru, Jakarta Selatan
1300000000,shm,4,2,176,Cakung, Jakarta Timur
1248000000,shm,2,2,82,Kramat Jati, Jakarta Timur
1500000000,shm,3,4,77,Pancoran, Jakarta Selatan
2500000000,shm,4,3,120,Kebayoran Lama, Jakarta Selatan
2580000000,shm,4,5,120,Pasar Minggu, Jakarta Selatan
1250000000,shm,5,5,160,Cipayung, Jakarta Timur
422000000,shm,1,2,31,Duren Sawit, Jakarta Timur
800000000,shm,3,2,60,Pasar Rebo, Jakarta Timur
1950000000,shm,4,4,130,Kebon Jeruk, Jakarta Barat
2000000000,shm,4,3,120,Jagakarsa, Jakarta Selatan
1400000001,shm,3,3,71,Kebayoran Lama, Jakarta Selatan
4750000000,shm,6,6,270,Kebayoran Baru, Jakarta Selatan
6900000000,shm,7,6,350,Kebayoran Lama, Jakarta Selatan
4200000000,shm,4,2,200,Kelapa Gading, Jakarta Utara
160000000,shm,1,1,30,Cipayung, Jakarta Timur
2800000000,shm,4,4,160,Jatinegara, Jakarta Timur
2400000000,shm,4,2,90,Jatinegara, Jakarta Timur
350000000,shm,2,1,53,Cipayung, Jakarta Timur
240000000,shm,2,1,30,Mampang Prapatan, Jakarta Selatan
2000000000,shm,3,2,86,Kembangan, Jakarta Barat
750000000,shm,3,1,60,Cilincing, Jakarta Utara
370000000,shm,2,1,118,Tanjung Priok, Jakarta Utara
3000000000,shm,4,4,192,Kebon Jeruk, Jakarta Barat
1618000000,shm,3,4,115,Cempaka Putih, Jakarta Pusat
8500000000,shm,4,4,300,Tebet, Jakarta Selatan
9900000000,shm,5,5,280,Kebayoran Lama, Jakarta Selatan
960000085,shm,3,2,65,Jagakarsa, Jakarta Selatan
660000000,shm,2,1,40,Jagakarsa, Jakarta Selatan
5000000000,shm,5,4,180,Cilandak, Jakarta Selatan
1800000000,shm,3,3,180,Duren Sawit, Jakarta Timur
13000000000,shm,10,3,458,Tanah Abang, Jakarta Pusat
2200000000,shm,3,2,80,Pasar Minggu, Jakarta Selatan
2000000004,shm,3,2,103,Mampang Prapatan, Jakarta Selatan
1400000003,shm,3,2,90,Mampang Prapatan, Jakarta Selatan
990000000,shm,2,1,36,Duren Sawit, Jakarta Timur
1485000000,shm,3,2,90,Cipayung, Jakarta Timur
950000000,shm,9,7,171,Pulo Gadung, Jakarta Timur
450000000,shm,5,2,80,Pesanggrahan, Jakarta Selatan
4900000000,shm,3,5,500,Cipayung, Jakarta Timur
2500000000,shm,4,3,160,Cipayung, Jakarta Timur
1365000000,shm,3,2,90,Duren Sawit, Jakarta Timur
1500000001,shm,3,2,58,Palmerah, Jakarta Barat
1550000000,shm,3,2,90,Jagakarsa, Jakarta Selatan
2500000000,shm,4,4,180,Kramat Jati, Jakarta Timur
4300000000,shm,6,5,400,Kramat Jati, Jakarta Timur
2700000000,shm,5,4,200,Kramat Jati, Jakarta Timur
1700000000,shm,5,2,250,Kramat Jati, Jakarta Timur
890000000,shm,2,1,50,Kramat Jati, Jakarta Timur
5500000000,shm,4,2,228,Kramat Jati, Jakarta Timur
1800000000,shm,4,2,160,Kramat Jati, Jakarta Timur
450000000,shm,1,1,45,Kramat Jati, Jakarta Timur
1650000000,shm,4,4,180,Kebon Jeruk, Jakarta Barat
6900000000,shm,5,5,600,Pasar Minggu, Jakarta Selatan
895000000,shm,3,2,71,Cempaka Putih, Jakarta Pusat
250000000,shm,2,1,50,Cilangkap, Jakarta Timur
155000000,shm,2,1,36,Kebayoran Lama, Jakarta Selatan
12585000000,shm,5,6,442,Jagakarsa, Jakarta Selatan
47500000000,shm,5,5,800,Kebayoran Baru, Jakarta Selatan
1300000000,shm,2,2,80,Cibubur, Jakarta Timur
3200000000,shm,4,3,199,Kelapa Gading, Jakarta Utara
3200000000,shm,4,3,200,Kelapa Gading, Jakarta Utara
2800000000,shm,4,4,158,Pulo Gadung, Jakarta Timur
9900000000,shm,4,3,390,Kebayoran Lama, Jakarta Selatan
1300000000,shm,4,2,130,Cakung, Jakarta Timur
890000,shm,2,1,110,Pasar Minggu, Jakarta Selatan
2350000000,shm,3,3,90,Pulo Gadung, Jakarta Timur
1699999000,shm,4,3,225,Koja, Jakarta Utara
841714200,shm,2,2,67,Cilandak, Jakarta Selatan
410000000,shm,2,1,36,Cibubur, Jakarta Timur
50000000000,shm,7,8,1025,Setia Budi, Jakarta Selatan
850000241,shm,2,2,57,Pulo Gadung, Jakarta Timur
7000000000,shm,6,6,200,Pasar Minggu, Jakarta Selatan
975000012,shm,3,2,71,Duren Sawit, Jakarta Timur
1375000000,shm,2,2,75,Cengkareng, Jakarta Barat
1050000000,shm,2,1,77,Cengkareng, Jakarta Barat
600000008,shm,2,1,36,Koja, Jakarta Utara
600000001,shm,3,2,60,Cakung, Jakarta Timur
600000001,shm,3,2,64,Cipayung, Jakarta Timur
1300000003,shm,3,2,70,Mampang Prapatan, Jakarta Selatan
850000000,shm,3,2,100,Kemayoran, Jakarta Pusat
417500000,shm,3,3,150,Ciracas, Jakarta Timur
2950000000,shm,5,3,240,Kramat Jati, Jakarta Timur
400000001,shm,2,1,27,Kelapa Gading, Jakarta Utara
1300000002,shm,4,2,75,Jagakarsa, Jakarta Selatan
450000000,shm,1,1,50,Cilandak, Jakarta Selatan
1000000009,shm,3,2,72,Jagakarsa, Jakarta Selatan
1400000001,shm,3,3,71,Mampang Prapatan, Jakarta Selatan
1500000001,shm,3,2,58,Kembangan, Jakarta Barat
578400000,shm,2,2,38,Ciracas, Jakarta Timur
2000000004,shm,3,2,103,Tanjung Duren, Jakarta Barat
900000008,shm,2,2,50,Kebayoran Baru, Jakarta Selatan
800000001,shm,2,2,55,Kebayoran Lama, Jakarta Selatan
3400000000,shm,4,3,160,Kebon Jeruk, Jakarta Barat
557700000,shm,2,2,41,Matraman, Jakarta Timur
2800000000,shm,4,5,250,Tebet, Jakarta Selatan
841000000,shm,2,2,68,Cilandak, Jakarta Selatan
3000000000,shm,3,3,127,Pademangan, Jakarta Utara
10000000,shm,10,10,1800,Cilincing, Jakarta Utara
900000003,shm,2,2,72,Cilandak, Jakarta Selatan
1500000004,shm,3,3,88,Pasar Minggu, Jakarta Selatan
450000000,shm,2,1,60,Ciracas, Jakarta Timur
445000000,shm,2,2,56,Kramat Jati, Jakarta Timur
600000000,shm,3,3,70,Cipayung, Jakarta Timur
3500000000,shm,4,3,160,Kramat Jati, Jakarta Timur
5500000000,shm,10,7,300,Cempaka Putih, Jakarta Pusat
350000000,shm,1,1,33,Kramat Jati, Jakarta Timur
18000000000,shm,6,7,750,Kemayoran, Jakarta Pusat
5800000000,shm,4,4,191,Jagakarsa, Jakarta Selatan
1550000000,shm,4,4,200,Cakung, Jakarta Timur
1300000000,shm,10,6,91,Pademangan, Jakarta Utara
3800000000,shm,5,3,300,Kemayoran, Jakarta Pusat
1500000000,shm,4,2,115,Cibubur, Jakarta Timur
3500000000,shm,3,3,260,Penjaringan, Jakarta Utara
8950000000,shm,7,5,323,Cilandak, Jakarta Selatan
1370880000,shm,4,4,157,Jagakarsa, Jakarta Selatan
500000000,shm,2,1,55,Jagakarsa, Jakarta Selatan
1370008580,shm,4,4,160,Cilandak, Jakarta Selatan
3500000000,shm,5,4,206,Mampang Prapatan, Jakarta Selatan
1500000001,shm,4,3,110,Setia Budi, Jakarta Selatan
5300000000,shm,4,5,300,Kembangan, Jakarta Barat
275000000,shm,2,1,36,Mampang Prapatan, Jakarta Selatan
650000000,shm,3,2,90,Cipayung, Jakarta Timur
240000000,shm,2,1,30,Jatinegara, Jakarta Timur
3900000000,shm,5,2,150,Menteng, Jakarta Pusat
700000000,shm,2,1,55,Pasar Rebo, Jakarta Timur
1900000000,shm,4,4,122,Duren Sawit, Jakarta Timur
972000000,shm,3,2,73,Cempaka Putih, Jakarta Pusat
240000000,shm,2,1,30,Pancoran, Jakarta Selatan
18000000000,shm,4,3,900,Cilandak, Jakarta Selatan
240000000,shm,2,1,30,Pasar Minggu, Jakarta Selatan
853000780,shm,3,2,72,Cilandak, Jakarta Selatan
3300000000,shm,3,3,100,Palmerah, Jakarta Barat
600000000,shm,2,1,40,Kembangan, Jakarta Barat
2200000000,shm,5,5,180,Cilangkap, Jakarta Timur
860000000,shm,3,2,80,Cibubur, Jakarta Timur
7500000000,shm,5,4,425,Pulo Gadung, Jakarta Timur
3500000000,shm,5,3,204,Grogol Petamburan, Jakarta Barat
1400000000,shm,3,2,90,Duren Sawit, Jakarta Timur
3400000000,shm,4,4,300,Duren Sawit, Jakarta Timur
1400000000,shm,4,2,102,Tanjung Priok, Jakarta Utara
5300000000,shm,5,6,350,Kebayoran Baru, Jakarta Selatan
2000000000,shm,4,2,110,Duren Sawit, Jakarta Timur
648548857,shm,3,2,86,Jagakarsa, Jakarta Selatan
900000000,shm,3,3,68,Tebet, Jakarta Selatan
900000000,shm,3,3,68,Pasar Baru, Jakarta Pusat
689000888,shm,2,1,43,Cilandak, Jakarta Selatan
550000000,shm,2,1,45,Cipayung, Jakarta Timur
945000088,shm,3,2,100,Cilandak, Jakarta Selatan
1950000000,shm,5,4,110,Kebayoran Baru, Jakarta Selatan
1850000000,shm,3,3,120,Kebayoran Baru, Jakarta Selatan
115000000,shm,3,2,88,Cakung, Jakarta Timur
967000000,shm,2,2,68,Cilandak, Jakarta Selatan
818000000,shm,2,2,60,Matraman, Jakarta Timur
451000000,shm,2,2,39,Tanjung Priok, Jakarta Utara
870000000,shm,3,2,65,Cilangkap, Jakarta Timur
1349000000,shm,3,2,75,Cilangkap, Jakarta Timur
1900000000,shm,4,3,140,Duren Sawit, Jakarta Timur
275000000,shm,2,1,36,Pasar Minggu, Jakarta Selatan
3500000000,shm,4,3,180,Pantai Indah Kapuk, Jakarta Utara
3900000000,shm,3,3,250,Duren Sawit, Jakarta Timur
2600000000,shm,4,4,135,Pasar Minggu, Jakarta Selatan
4300000000,shm,10,10,378,Kemayoran, Jakarta Pusat
1100000000,shm,2,2,90,Kebayoran Lama, Jakarta Selatan
3000000000,shm,4,3,200,Duren Sawit, Jakarta Timur
3250000000,shm,3,3,180,Kebayoran Baru, Jakarta Selatan
18500000000,shm,7,6,550,Jatinegara, Jakarta Timur
1450000000,shm,4,3,80,Jatinegara, Jakarta Timur
2900000000,shm,4,3,196,Kalideres, Jakarta Barat
1700000000,shm,3,2,110,Kalideres, Jakarta Barat
4300000000,shm,4,4,200,Cakung, Jakarta Timur
550000000,shm,2,2,60,Pesanggrahan, Jakarta Selatan
14500000000,shm,6,5,200,Cilandak, Jakarta Selatan
654828580,shm,3,2,84,Jagakarsa, Jakarta Selatan
95000000000,shm,5,5,1100,Menteng, Jakarta Pusat
875000000,shm,3,3,70,Cengkareng, Jakarta Barat
4200000000,shm,5,3,250,Kemayoran, Jakarta Pusat
4900000000,shm,4,3,205,Kebayoran Baru, Jakarta Selatan
3475000000,shm,5,4,287,Cilangkap, Jakarta Timur
1030000000,shm,3,3,82,Kemayoran, Jakarta Pusat
2600000000,shm,6,5,285,Pademangan, Jakarta Utara
7000000000,shm,4,3,325,Cempaka Putih, Jakarta Pusat
4600000000,shm,4,3,300,Cilandak, Jakarta Selatan
1400000000,shm,1,1,55,Cilangkap, Jakarta Timur
2100000000,shm,6,3,170,Cilangkap, Jakarta Timur
1360000000,shm,3,2,80,Jagakarsa, Jakarta Selatan
700000000,shm,2,1,86,Cibubur, Jakarta Timur
799000000,shm,3,4,110,Kembangan, Jakarta Barat
850000000,shm,6,6,77,Kebon Jeruk, Jakarta Barat
850000000,shm,4,4,120,Cipayung, Jakarta Timur
850000000,shm,3,3,150,Cipayung, Jakarta Timur
1100000000,shm,2,1,60,Cipayung, Jakarta Timur
1620500000,shm,3,3,103,Matraman, Jakarta Timur
1200000,shm,10,10,600,Kembangan, Jakarta Barat
625000000,shm,3,3,80,Kramat Jati, Jakarta Timur
45000000000,shm,10,9,4800,Pulo Gadung, Jakarta Timur
20000000000,shm,10,10,1100,Gambir, Jakarta Pusat
550000000,shm,2,1,70,Cipayung, Jakarta Timur
1200000000,shm,3,3,120,Matraman, Jakarta Timur
1200000000,shm,3,2,75,Bambu Apus, Jakarta Timur
1450000000,shm,5,4,150,Cilandak, Jakarta Selatan
785654789,shm,3,2,70,Bambu Apus, Jakarta Timur
225000000,shm,1,1,24,Jagakarsa, Jakarta Selatan
3800000000,shm,4,3,150,Pesanggrahan, Jakarta Selatan
1400000000,shm,3,2,100,Kramat Jati, Jakarta Timur
7800000000,shm,5,8,500,Grogol Petamburan, Jakarta Barat
2500000000,shm,6,4,170,Cakung, Jakarta Timur
1355000000,shm,3,2,100,Cibubur, Jakarta Timur
2500000000,shm,3,2,104,Tanjung Priok, Jakarta Utara
13250000000,shm,3,2,350,Kebon Jeruk, Jakarta Barat
500000000,shm,2,2,67,Cilangkap, Jakarta Timur
3100000000,shm,3,2,100,Kebayoran Lama, Jakarta Selatan
6500000000,shm,3,3,180,Cakung, Jakarta Timur
10000000000,shm,6,4,405,Pulo Gadung, Jakarta Timur
1200000000,shm,3,2,120,Jagakarsa, Jakarta Selatan
1100000000,shm,3,2,143,Pulo Gadung, Jakarta Timur
1400000000,shm,2,2,54,Pulo Gadung, Jakarta Timur
2200000000,shm,4,3,120,Kramat Jati, Jakarta Timur
1550000000,shm,2,1,75,Kramat Jati, Jakarta Timur
1750000000,shm,3,2,225,Kramat Jati, Jakarta Timur
990000000,shm,3,2,90,Pasar Rebo, Jakarta Timur
1950000000,shm,4,4,300,Kramat Jati, Jakarta Timur
1598000000,shm,4,3,103,Menteng, Jakarta Pusat
1360125000,shm,3,3,94,Cempaka Putih, Jakarta Pusat
600000000,shm,1,1,45,Kembangan, Jakarta Barat
888000000,shm,3,2,63,Kalideres, Jakarta Barat
530000000,shm,2,2,55,Jagakarsa, Jakarta Selatan
6100000000,shm,4,3,200,Cilandak, Jakarta Selatan
2800000000,shm,4,3,140,Kebon Jeruk, Jakarta Barat
5000000000,shm,6,6,180,Pesanggrahan, Jakarta Selatan
4000000000,shm,4,4,200,Cengkareng, Jakarta Barat
3900000000,shm,4,4,300,Kebon Jeruk, Jakarta Barat
4500000000,shm,3,2,250,Kebon Jeruk, Jakarta Barat
7800000000,shm,4,4,350,Kebon Jeruk, Jakarta Barat
1450000000,shm,3,2,53,Kembangan, Jakarta Barat
900000003,shm,2,2,72,Pasar Minggu, Jakarta Selatan
6800000000,shm,3,3,450,Cilandak, Jakarta Selatan
1814000000,shm,3,3,76,Cempaka Putih, Jakarta Pusat
7000000000,shm,6,4,402,Grogol Petamburan, Jakarta Barat
2300000000,shm,3,3,90,Duren Sawit, Jakarta Timur
1360000000,shm,3,3,80,Cempaka Putih, Jakarta Pusat
4500000000,shm,3,3,250,Kembangan, Jakarta Barat
2200000000,shm,3,3,120,Pesanggrahan, Jakarta Selatan
700000000,shm,3,2,65,Cibubur, Jakarta Timur
17000000000,shm,3,3,477,Kebayoran Lama, Jakarta Selatan
2500000000,shm,4,3,180,Kebayoran Lama, Jakarta Selatan
3500000000,shm,4,2,121,Pulo Gadung, Jakarta Timur
110000000000,shm,6,4,500,Menteng, Jakarta Pusat
1350000000,shm,4,2,90,Jatinegara, Jakarta Timur
1850000000,shm,3,3,110,Grogol Petamburan, Jakarta Barat
1545000000,shm,4,3,104,Duren Sawit, Jakarta Timur
4000000000,shm,4,3,300,Kebon Jeruk, Jakarta Barat
2092131000,shm,4,2,157,Cilincing, Jakarta Utara
450000000,shm,3,2,100,Pancoran, Jakarta Selatan
12000000000,shm,9,6,650,Pesanggrahan, Jakarta Selatan
3550000000,shm,4,3,111,Cempaka Putih, Jakarta Pusat
1679000000,shm,3,3,100,Kebon Jeruk, Jakarta Barat
1500000000,shm,3,4,110,Kebon Jeruk, Jakarta Barat
1400000000,shm,3,2,100,Cibubur, Jakarta Timur
700000000,shm,3,2,65,Pasar Rebo, Jakarta Timur
950000000,shm,3,3,81,Kramat Jati, Jakarta Timur
65000000,shm,3,3,110,Grogol Petamburan, Jakarta Barat
11500000000,shm,5,4,500,Pesanggrahan, Jakarta Selatan
8980000000,shm,5,4,600,Daan Mogot, Jakarta Barat
6500000000,shm,7,7,800,Cibubur, Jakarta Timur
2650000000,shm,3,3,110,Daan Mogot, Jakarta Barat
4600000000,shm,5,4,365,Kebon Jeruk, Jakarta Barat
1863000000,shm,3,3,340,Kembangan, Jakarta Barat
500000000,shm,2,2,42,Taman Sari, Jakarta Barat
1300000000,shm,5,3,200,Pesanggrahan, Jakarta Selatan
964000000,shm,2,2,59,Matraman, Jakarta Timur
4700000000,shm,5,5,300,Jagakarsa, Jakarta Selatan
7900000000,shm,4,4,450,Kebon Jeruk, Jakarta Barat
2590000000,shm,3,3,195,Tanjung Duren, Jakarta Barat
1700000000,shm,6,3,150,Pancoran, Jakarta Selatan
1500000000,shm,4,2,120,Cengkareng, Jakarta Barat
12000000000,shm,7,5,400,Pulo Gadung, Jakarta Timur
5200000000,shm,4,3,260,Daan Mogot, Jakarta Barat
2000000000,shm,4,4,240,Kebon Jeruk, Jakarta Barat
15000000000,shm,7,6,1000,Kelapa Gading, Jakarta Utara
1350000000,shm,4,2,120,Cengkareng, Jakarta Barat
4585000000,shm,4,4,250,Cilandak, Jakarta Selatan
2350000000,shm,2,3,90,Pulo Gadung, Jakarta Timur
9900000000,shm,3,3,390,Kebayoran Lama, Jakarta Selatan
6850000000,shm,5,3,450,Cilandak, Jakarta Selatan
766000000,shm,3,2,65,Cibubur, Jakarta Timur
700000000,shm,3,2,65,Duren Sawit, Jakarta Timur
960000036,shm,3,2,65,Jagakarsa, Jakarta Selatan
1700000000,shm,4,3,160,Cibubur, Jakarta Timur
2500000000,shm,3,2,81,Pesanggrahan, Jakarta Selatan
400000000,shm,3,2,80,Kramat Jati, Jakarta Timur
4200000000,shm,4,4,231,Kembangan, Jakarta Barat
3499000000,shm,10,10,350,Kemang, Jakarta Selatan
2770000000,shm,4,3,300,Palmerah, Jakarta Barat
2000000000,shm,3,3,120,Cibubur, Jakarta Timur
20000000000,shm,5,5,300,Kebayoran Baru, Jakarta Selatan
3188000000,shm,4,4,210,Cengkareng, Jakarta Barat
1345000000,shm,3,2,100,Kebayoran Baru, Jakarta Selatan
240000000,shm,2,1,30,Setia Budi, Jakarta Selatan
240000000,shm,2,1,30,Tanjung Barat, Jakarta Selatan
700000000,shm,3,2,65,Cipayung, Jakarta Timur
1299000000,shm,3,2,75,Cipayung, Jakarta Timur
800000000,shm,3,2,65,Cipayung, Jakarta Timur
1200000000,shm,3,3,120,Cipayung, Jakarta Timur
1200000000,shm,2,2,70,Kalideres, Jakarta Barat
1850000000,shm,3,3,95,Jakarta Selatan, Jakarta D.K.I.
1690000000,shm,4,4,110,Grogol Petamburan, Jakarta Barat
3000000000,shm,5,3,200,Pasar Minggu, Jakarta Selatan
1150000000,shm,3,2,89,Pesanggrahan, Jakarta Selatan
2800000000,shm,3,3,152,Kramat Jati, Jakarta Timur
600000008,shm,2,1,36,Penjaringan, Jakarta Utara
790000000,shm,2,2,60,Cilandak, Jakarta Selatan
4000000000,shm,4,4,200,Pasar Minggu, Jakarta Selatan
3500000000,shm,5,3,388,Kelapa Gading, Jakarta Utara
2300000000,shm,3,3,256,Cibubur, Jakarta Timur
17150000000,shm,3,3,499,Pasar Minggu, Jakarta Selatan
1300000000,shm,4,3,90,Cilangkap, Jakarta Timur
3950000000,shm,3,2,200,Tanjung Priok, Jakarta Utara
18500000000,shm,4,4,471,Kebayoran Baru, Jakarta Selatan
6300000000,shm,4,2,320,Gambir, Jakarta Pusat
497000000,shm,2,2,43,Tanjung Priok, Jakarta Utara
3100000000,shm,4,2,240,Cakung, Jakarta Timur
1350000000,shm,2,2,78,Cempaka Putih, Jakarta Pusat
380000000,shm,2,2,52,Kramat Jati, Jakarta Timur
2000000001,shm,3,2,73,Jagakarsa, Jakarta Selatan
1700000000,shm,4,3,150,Cilangkap, Jakarta Timur
7500000000,shm,4,4,270,Penjaringan, Jakarta Utara
2700000000,shm,5,3,180,Duren Sawit, Jakarta Timur
4750000000,shm,6,5,276,Kelapa Gading, Jakarta Utara
600000000,shm,3,3,70,Kemang, Jakarta Selatan
650000000,shm,2,1,200,Kalideres, Jakarta Barat
500000000,shm,2,1,72,Cilandak, Jakarta Selatan
600000000,shm,3,3,70,Tanjung Duren, Jakarta Barat
3800000000,shm,4,3,330,Pesanggrahan, Jakarta Selatan
2500000000,shm,5,5,164,Kelapa Gading, Jakarta Utara
1300000000,shm,1,1,160,Cibubur, Jakarta Timur
2900000000,shm,5,4,350,Duren Sawit, Jakarta Timur
9500000400,shm,10,10,395,Pancoran, Jakarta Selatan
1800000000,shm,3,2,120,Grogol Petamburan, Jakarta Barat
4300000000,shm,9,4,352,Pulo Gadung, Jakarta Timur
1200000000,shm,3,3,100,Jagakarsa, Jakarta Selatan
8000000000,shm,4,4,385,Pantai Indah Kapuk, Jakarta Utara
400000004,shm,2,1,36,Mampang Prapatan, Jakarta Selatan
800000004,shm,3,2,60,Ciracas, Jakarta Timur
2250000000,shm,3,2,145,Pesanggrahan, Jakarta Selatan
2000000000,shm,5,4,180,Duren Sawit, Jakarta Timur
2350000000,shm,2,2,60,Pulo Gadung, Jakarta Timur
1750000000,shm,4,4,130,Jagakarsa, Jakarta Selatan
1500000000,shm,3,4,120,Jagakarsa, Jakarta Selatan
2300000000,shm,4,4,140,Jakarta Selatan, Jakarta D.K.I.
3300000000,shm,5,3,240,Cibubur, Jakarta Timur
2900000000,shm,5,4,210,Tebet, Jakarta Selatan
5900000000,shm,3,3,272,Pantai Indah Kapuk, Jakarta Utara
198000000,shm,2,1,48,Kalideres, Jakarta Barat
2200000000,shm,2,2,180,Kebon Jeruk, Jakarta Barat
500000004,shm,3,2,66,Kebayoran Lama, Jakarta Selatan
500000001,shm,3,2,52,Cengkareng, Jakarta Barat
5000000000,shm,4,4,260,Tebet, Jakarta Selatan
925000000,shm,2,2,110,Jagakarsa, Jakarta Selatan
16000000000,shm,3,6,550,Kembangan, Jakarta Barat
390000000,shm,2,1,45,Palmerah, Jakarta Barat
2950000000,shm,6,3,110,Palmerah, Jakarta Barat
430000000,shm,2,2,80,Pesanggrahan, Jakarta Selatan
550000000,shm,3,2,69,Cakung, Jakarta Timur
1620000000,shm,3,3,53,Pulo Gadung, Jakarta Timur
895000000,shm,2,2,71,Cempaka Putih, Jakarta Pusat
5900000000,shm,4,3,310,Kelapa Gading, Jakarta Utara
3000000000,shm,4,2,98,Tanjung Priok, Jakarta Utara
7100000000,shm,6,5,300,Kebayoran Lama, Jakarta Selatan
17500000000,shm,9,6,1020,Tebet, Jakarta Selatan
57000000000,shm,7,8,1050,Kebayoran Lama, Jakarta Selatan
2700000000,shm,4,4,150,Jagakarsa, Jakarta Selatan
1500000000,shm,5,3,300,Duren Sawit, Jakarta Timur
3500000000,shm,6,3,220,Setia Budi, Jakarta Selatan
500000000,shm,4,2,72,Cengkareng, Jakarta Barat
1900000001,shm,3,3,110,Cilandak, Jakarta Selatan
330000000,shm,3,3,60,Cempaka Putih, Jakarta Pusat
520000000,shm,2,2,41,Taman Sari, Jakarta Barat
6250000000,shm,5,5,240,Pantai Indah Kapuk, Jakarta Utara
875000000,shm,3,2,70,Jagakarsa, Jakarta Selatan
5000000000,shm,9,4,352,Cilandak, Jakarta Selatan
1700231504,shm,4,3,150,Daan Mogot, Jakarta Barat
8800000000,shm,5,5,400,Pasar Minggu, Jakarta Selatan
9500000000,shm,4,4,225,Pulo Gadung, Jakarta Timur
400000001,shm,2,1,27,Cakung, Jakarta Timur
1300000003,shm,3,2,70,Pasar Minggu, Jakarta Selatan
4600000000,shm,4,3,359,Penjaringan, Jakarta Utara
508000000,shm,4,2,77,Cengkareng, Jakarta Barat
5350000000,shm,4,3,400,Duren Sawit, Jakarta Timur
1500000001,shm,4,3,110,Cibubur, Jakarta Timur
670000000,shm,3,2,70,Cengkareng, Jakarta Barat
1000000000,shm,2,1,50,Cilangkap, Jakarta Timur
3800000000,shm,4,3,168,Cakung, Jakarta Timur
1620000000,shm,4,3,103,Matraman, Jakarta Timur
600000008,shm,3,2,52,Ciracas, Jakarta Timur
3000000000,shm,3,2,98,Tanah Abang, Jakarta Pusat
410000000,shm,2,1,45,Palmerah, Jakarta Barat
2600000000,shm,7,3,300,Kemayoran, Jakarta Pusat
2385000000,shm,3,3,150,Kelapa Gading, Jakarta Utara
3500000000,shm,4,4,185,Kembangan, Jakarta Barat
3500000000,shm,5,4,210,Kembangan, Jakarta Barat
800000000,shm,3,2,65,Duren Sawit, Jakarta Timur
1300000000,shm,3,2,120,Pasar Rebo, Jakarta Timur
1500000000,shm,4,3,110,Pademangan, Jakarta Utara
6600000000,shm,6,5,320,Cibubur, Jakarta Timur
1395000000,hgb,3,2,98,Cengkareng, Jakarta Barat
4500000000,hgb,2,3,225,Taman Sari, Jakarta Barat
2649000000,hgb,4,3,160,Kembangan, Jakarta Barat
8500000000,hgb,4,4,213,Penjaringan, Jakarta Utara
262000000,hgb,3,2,60,Koja, Jakarta Utara
2185507034,hgb,3,4,86,Cakung, Jakarta Timur
5500000000,hgb,4,4,249,Pulo Gadung, Jakarta Timur
1,hgb,10,10,300,Jagakarsa, Jakarta Selatan
1959990000,hgb,1,1,70,Jatinegara, Jakarta Timur
2100000000,hgb,4,4,132,Kalideres, Jakarta Barat
3500000000,hgb,10,10,250,Sawah Besar, Jakarta Pusat
1500000000,hgb,3,2,55,Cakung, Jakarta Timur
3400000000,hgb,3,3,200,Kebayoran Baru, Jakarta Selatan
1800000000,hgb,4,3,160,Cakung, Jakarta Timur
1000000,hgb,2,1,30,Kebayoran Baru, Jakarta Selatan
100000000,hgb,2,1,36,Kebayoran Baru, Jakarta Selatan
6000000,hgb,1,1,1,Cilincing, Jakarta Utara
390000000,hgb,2,1,60,Kelapa Gading, Jakarta Utara
7700000000,hgb,10,10,560,Menteng, Jakarta Pusat
9800000000,hgb,5,5,700,Kebon Jeruk, Jakarta Barat
725000000,hgb,2,1,46,Jagakarsa, Jakarta Selatan
29000000000,hgb,5,6,1050,Pademangan, Jakarta Utara
1850000000,hgb,3,2,140,Cibubur, Jakarta Timur
750000000,hgb,3,2,75,Kebon Jeruk, Jakarta Barat
1480000000,hgb,3,3,160,Cibubur, Jakarta Timur
1750000012,hgb,3,3,94,Kebayoran Lama, Jakarta Selatan
1502940030,hgb,3,2,91,Pesanggrahan, Jakarta Selatan
17500000000,hgb,7,3,400,Senen, Jakarta Pusat
1550000000,hgb,3,3,70,Cakung, Jakarta Timur
2200000000,hgb,4,3,87,Cakung, Jakarta Timur
1900000000,hgb,4,3,110,Cakung, Jakarta Timur
600000000,hgb,6,3,15,Penjaringan, Jakarta Utara
300000000,hgb,1,2,20,Tambora, Jakarta Barat
1400000000,hgb,3,2,52,Cengkareng, Jakarta Barat
475000000,hgb,3,3,100,Cilincing, Jakarta Utara
1300000000,hgb,2,1,100,Grogol Petamburan, Jakarta Barat
3000000000,hgb,4,2,200,Koja, Jakarta Utara
3000000000,hgb,4,2,250,Cempaka Putih, Jakarta Pusat
7500000000,hgb,1,3,230,Pantai Indah Kapuk, Jakarta Utara
6000000000,hgb,1,3,234,Pantai Indah Kapuk, Jakarta Utara
6000000000,hgb,1,2,234,Penjaringan, Jakarta Utara
20900000000,hgb,6,6,900,Tanjung Priok, Jakarta Utara
1500000000,hgb,1,1,0,Cilincing, Jakarta Utara
1500000000,hgb,2,1,90,Kelapa Gading, Jakarta Utara
3800000000,hgb,3,2,200,Pademangan, Jakarta Utara
5750000000,hgb,4,4,225,Pademangan, Jakarta Utara
1100000000,hgb,3,1,85,Sawah Besar, Jakarta Pusat
1100000000,hgb,3,1,128,Sawah Besar, Jakarta Pusat
1400000000,hgb,3,3,86,Jagakarsa, Jakarta Selatan
2500000,hgb,3,3,165,Jagakarsa, Jakarta Selatan
18547400000,hgb,5,2,625,Cilandak, Jakarta Selatan
10000000000,hgb,4,3,600,Pantai Indah Kapuk, Jakarta Utara
3900000000,hgb,4,3,220,Kalideres, Jakarta Barat
600000000,hgb,2,1,31,Cengkareng, Jakarta Barat
2000000000,hgb,4,2,138,Pasar Minggu, Jakarta Selatan
1670000000,hgb,3,2,95,Kelapa Gading, Jakarta Utara
450000000,hgb,2,1,39,Cilincing, Jakarta Utara
179000000,hgb,2,1,29,Cempaka Putih, Jakarta Pusat
350000000,hgb,2,1,42,Cempaka Putih, Jakarta Pusat
6500000000,hgb,4,2,300,Pademangan, Jakarta Utara
45000000,hgb,2,1,30,Cipayung, Jakarta Timur
3800000123,hgb,1,1,255,Kebayoran Lama, Jakarta Selatan
950000000,hgb,4,2,233,Tanjung Priok, Jakarta Utara
50000000,hgb,2,1,45,Cibubur, Jakarta Timur
6250000000,hgb,5,5,226,Pesanggrahan, Jakarta Selatan
130000000,hgb,4,1,28,Senen, Jakarta Pusat
1700000000,hgb,4,4,141,Cibubur, Jakarta Timur
3200000000,hgb,4,4,6,Penjaringan, Jakarta Utara
310000000,hgb,4,1,96,Palmerah, Jakarta Barat
1950000000,hgb,5,3,180,Cibubur, Jakarta Timur
1650000000,hgb,3,3,86,Jagakarsa, Jakarta Selatan
1850000000,hgb,3,2,118,Cibubur, Jakarta Timur
5000000000,hgb,3,1,254,Grogol Petamburan, Jakarta Barat
1700000000,hgb,3,2,145,Ciracas, Jakarta Timur
1485000000,hgb,3,2,200,Cibubur, Jakarta Timur
2000000000,hgb,4,2,140,Cibubur, Jakarta Timur
6000000000,hgb,5,4,500,Cilangkap, Jakarta Timur
1800000001,hgb,3,2,90,Cengkareng, Jakarta Barat
180000000,hgb,1,1,17,Kalideres, Jakarta Barat
400000000,hgb,2,1,45,Pulo Gadung, Jakarta Timur
675000000,hgb,1,1,38,Tebet, Jakarta Selatan
1450000000,hgb,4,3,180,Cibubur, Jakarta Timur
7000000000,hgb,3,5,70,Penjaringan, Jakarta Utara
6000000000,hgb,4,3,193,Taman Sari, Jakarta Barat
3000000000,hgb,5,4,297,Kalideres, Jakarta Barat
2500000000,hgb,6,5,240,Kalideres, Jakarta Barat
4550000000,hgb,5,4,220,Cakung, Jakarta Timur
800000000,hgb,4,3,115,Cakung, Jakarta Timur
5500000000,hgb,6,5,200,Pulo Gadung, Jakarta Timur
3900000000,hgb,3,3,136,Cilandak, Jakarta Selatan
7616290000,hgb,3,2,237,Kebon Jeruk, Jakarta Barat
1910000000,hgb,3,2,179,Palmerah, Jakarta Barat
3190000000,hgb,3,3,266,Palmerah, Jakarta Barat
2450000000,hgb,5,4,196,Cibubur, Jakarta Timur
2400000000,hgb,4,3,224,Penjaringan, Jakarta Utara
1500000000,hgb,4,2,90,Cakung, Jakarta Timur
428800000,hgb,3,1,52,Mampang Prapatan, Jakarta Selatan
2800000000,hgb,4,4,200,Grogol Petamburan, Jakarta Barat
1600000000,hgb,3,2,71,Pancoran, Jakarta Selatan
350000000,hgb,1,1,30,Pancoran, Jakarta Selatan
400000000,hgb,3,2,43,Pademangan, Jakarta Utara
2400000000,hgb,4,3,240,Cibubur, Jakarta Timur
500000000,hgb,3,2,166,Koja, Jakarta Utara
4700000000,hgb,3,3,220,Cilandak, Jakarta Selatan
5000000000,hgb,4,3,259,Cibubur, Jakarta Timur
4500000000,hgb,4,3,310,Cakung, Jakarta Timur
7000000000,hgb,6,4,300,Taman Sari, Jakarta Barat
1500000000,hgb,2,2,80,Cibubur, Jakarta Timur
2600000000,hgb,4,4,117,Cibubur, Jakarta Timur
1950000000,hgb,4,4,120,Cibubur, Jakarta Timur
4000000000,hgb,1,1,300,Kebayoran Lama, Jakarta Selatan
2725000000,hgb,4,4,189,Kalideres, Jakarta Barat
2500000000,hgb,3,3,210,Grogol Petamburan, Jakarta Barat
1000000000,hgb,2,2,84,Pademangan, Jakarta Utara
5900000000,hgb,5,5,246,Cilandak, Jakarta Selatan
600000000,hgb,1,1,62,Penjaringan, Jakarta Utara
2900000000,hgb,4,4,160,Kembangan, Jakarta Barat
25000000000,hgb,5,5,700,Pademangan, Jakarta Utara
1920000000,hgb,4,3,104,Cilandak, Jakarta Selatan
1300000000,hgb,3,2,68,Cengkareng, Jakarta Barat
2650000000,hgb,3,3,80,Pantai Indah Kapuk, Jakarta Utara
17500000000,hgb,7,4,400,Senen, Jakarta Pusat
26000000000,hgb,7,7,619,Pademangan, Jakarta Utara
550000000,hgb,3,2,120,Tanjung Priok, Jakarta Utara
23000000000,hgb,3,2,348,Menteng, Jakarta Pusat
1650000000,hgb,3,3,86,Kemang, Jakarta Selatan
2500000000,hgb,5,4,175,Tambora, Jakarta Barat
1600000000,hgb,10,5,240,Taman Sari, Jakarta Barat
31500000000,hgb,6,6,600,Kebayoran Lama, Jakarta Selatan
12500000000,hgb,5,5,380,Tebet, Jakarta Selatan
350000000,hgb,2,1,54,Pademangan, Jakarta Utara
130000000,hgb,2,1,30,Tanjung Priok, Jakarta Utara
5400000000,hgb,5,4,147,Cakung, Jakarta Timur
1900000000,hgb,2,2,112,Cengkareng, Jakarta Barat
450000000,hgb,1,2,50,Pancoran, Jakarta Selatan
1650000000,hgb,3,3,86,Cilandak, Jakarta Selatan
2800000000,hgb,4,3,200,Palmerah, Jakarta Barat
4200000000,hgb,5,4,197,Jagakarsa, Jakarta Selatan
9500000022,hgb,5,3,280,Tebet, Jakarta Selatan
1225000000,hgb,3,2,55,Kalideres, Jakarta Barat
2000000000,hgb,4,3,137,Cibubur, Jakarta Timur
1269800000,hgb,3,2,50,Pantai Indah Kapuk, Jakarta Utara
1100000000,hgb,3,2,100,Cibubur, Jakarta Timur
13800000000,hgb,5,4,369,Pancoran, Jakarta Selatan
3200000000,hgb,10,10,400,Pademangan, Jakarta Utara
400000000,hgb,1,1,60,Kebon Jeruk, Jakarta Barat
6500000000,hgb,9,4,250,Setia Budi, Jakarta Selatan
11400000000,hgb,4,4,300,Kemayoran, Jakarta Pusat
750000000,hgb,3,2,64,Matraman, Jakarta Timur
2850000000,hgb,3,2,165,Gambir, Jakarta Pusat
4000000000,hgb,6,6,236,Tebet, Jakarta Selatan
5900000000,hgb,5,5,120,Pesanggrahan, Jakarta Selatan
72000000000,hgb,8,4,700,Menteng, Jakarta Pusat
3500000000,hgb,4,4,185,Kembangan, Jakarta Barat
3900000000,hgb,4,3,360,Cakung, Jakarta Timur
1650000000,hgb,3,2,80,Kelapa Gading, Jakarta Utara
3800000000,hgb,4,4,300,Pulo Gadung, Jakarta Timur
1250000000,hgb,3,1,75,Pesanggrahan, Jakarta Selatan
1100000000,hgb,7,3,120,Tanjung Priok, Jakarta Utara
52000000,hgb,6,4,500,Senen, Jakarta Pusat
3650000000,hgb,5,4,192,Kembangan, Jakarta Barat
650000000,hgb,1,1,86,Tanjung Priok, Jakarta Utara
4500000000,hgb,3,2,200,Senen, Jakarta Pusat
2010000000,hgb,3,3,90,Cakung, Jakarta Timur
1200000000,hgb,3,1,120,Jatinegara, Jakarta Timur
1800000000,hgb,3,3,200,Kebayoran Baru, Jakarta Selatan
90000000000,hgb,6,2,10995,Kebayoran Baru, Jakarta Selatan
10500000000,hgb,3,3,200,Jagakarsa, Jakarta Selatan
1920000000,hgb,4,3,60,Pesanggrahan, Jakarta Selatan
1100000000,hgb,3,3,135,Cibubur, Jakarta Timur
179000000,hgb,2,1,29,Pulo Gadung, Jakarta Timur
3435300000,hgb,6,4,177,Ciracas, Jakarta Timur
3000000000,hgb,5,4,200,Cibubur, Jakarta Timur
1500000000,hgb,3,2,94,Kemang, Jakarta Selatan
8000000000,hgb,5,2,180,Pantai Indah Kapuk, Jakarta Utara
10500000000,hgb,3,3,200,Tebet, Jakarta Selatan
465000000,hgb,8,2,120,Sawah Besar, Jakarta Pusat
850000000,hgb,2,1,50,Kebon Jeruk, Jakarta Barat
680,hgb,3,1,63,Duren Sawit, Jakarta Timur
750000000,hgb,3,2,84,Tomang, Jakarta Barat
3600000000,hgb,4,3,152,Pantai Indah Kapuk, Jakarta Utara
10000000000,hgb,5,3,210,Cilandak, Jakarta Selatan
9000000000,hgb,6,6,500,Grogol Petamburan, Jakarta Barat
1000000000,hgb,2,1,43,Menteng, Jakarta Pusat
800000000,hgb,3,2,150,Sawah Besar, Jakarta Pusat
2000000000,hgb,4,2,200,Cilandak, Jakarta Selatan
875000000,hgb,2,2,55,Grogol Petamburan, Jakarta Barat
2200000000,hgb,7,2,100,Pancoran, Jakarta Selatan
10000000000,hgb,6,5,500,Kelapa Gading, Jakarta Utara
10500000000,hgb,3,3,200,Cibubur, Jakarta Timur
1800000000,hgb,3,2,90,Cengkareng, Jakarta Barat
3400000000,hgb,7,4,340,Cilandak, Jakarta Selatan
870000000,hgb,3,2,95,Senen, Jakarta Pusat
650000000,hgb,2,1,78,Tebet, Jakarta Selatan
5500000000,hgb,3,3,144,Cengkareng, Jakarta Barat
3500000000,hgb,3,2,300,Pesanggrahan, Jakarta Selatan
2650000000,hgb,4,5,200,Cibubur, Jakarta Timur
1980000003,hgb,3,3,119,Pesanggrahan, Jakarta Selatan
1920000005,hgb,4,3,104,Pesanggrahan, Jakarta Selatan
2225000000,hgb,4,3,157,Cibubur, Jakarta Timur
4000000000,hgb,5,4,147,Kalideres, Jakarta Barat
5500000000,hgb,4,2,116,Kalideres, Jakarta Barat
6784000000,hgb,5,5,196,Pantai Indah Kapuk, Jakarta Utara
5707000000,hgb,4,4,183,Pantai Indah Kapuk, Jakarta Utara
17000000000,hgb,5,4,300,Kebayoran Lama, Jakarta Selatan
8691000000,hgb,5,5,289,Pantai Indah Kapuk, Jakarta Utara
10990000000,hgb,5,5,374,Pantai Indah Kapuk, Jakarta Utara
2500000000,hgb,5,2,58,Sawah Besar, Jakarta Pusat
5500000000,hgb,3,2,315,Kalideres, Jakarta Barat
18000000001,hgb,9,5,265,Palmerah, Jakarta Barat
680000000,hgb,2,1,52,Kebayoran Lama, Jakarta Selatan
3200000000,hgb,6,4,250,Menteng, Jakarta Pusat
8233137000,hgb,4,4,381,Kebayoran Baru, Jakarta Selatan
300000000,hgb,1,1,33,Matraman, Jakarta Timur
3150000000,hgb,5,4,418,Cakung, Jakarta Timur
4500000000,hgb,5,4,229,Cakung, Jakarta Timur
3400000000,hgb,4,3,138,Cakung, Jakarta Timur
3800000000,hgb,5,4,181,Cakung, Jakarta Timur
55000000000,hgb,10,10,1500,Setia Budi, Jakarta Selatan
975000000,hgb,3,2,95,Cibubur, Jakarta Timur
160000000,hgb,3,1,3,Penjaringan, Jakarta Utara
3602800000,hgb,3,2,300,Jagakarsa, Jakarta Selatan
3100000000,hgb,4,3,200,Kelapa Gading, Jakarta Utara
2000000000,hgb,3,2,140,Cibubur, Jakarta Timur
3750000000,hgb,5,5,300,Kalideres, Jakarta Barat
5500000000,hgb,10,7,275,Setia Budi, Jakarta Selatan
459000000,hgb,2,2,120,Menteng, Jakarta Pusat
2300000000,hgb,4,3,144,Cibubur, Jakarta Timur
9500000000,hgb,6,6,400,Kebayoran Lama, Jakarta Selatan
3050000000,hgb,3,3,128,Pantai Indah Kapuk, Jakarta Utara
985000000,hgb,2,1,96,Cibubur, Jakarta Timur
2600000000,hgb,5,4,200,Pulo Gadung, Jakarta Timur
3800000000,hgb,3,2,150,Kebayoran Lama, Jakarta Selatan
2700000000,hgb,4,3,108,Cakung, Jakarta Timur
2000000000,hgb,3,2,88,Gambir, Jakarta Pusat
175000003,hgb,2,1,30,Palmerah, Jakarta Barat
885000000,hgb,2,1,98,Tambora, Jakarta Barat
5400000000,hgb,3,3,262,Kemang, Jakarta Selatan
650000000,hgb,3,1,58,Cempaka Putih, Jakarta Pusat
2300000000,hgb,4,3,118,Pasar Rebo, Jakarta Timur
2700000000,hgb,4,3,180,Pasar Minggu, Jakarta Selatan
1650000000,hgb,3,2,120,Tanjung Barat, Jakarta Selatan
5000000000,hgb,8,2,297,Cilangkap, Jakarta Timur
6600000000,hgb,3,3,250,Pulo Gadung, Jakarta Timur
3000000000,hgb,4,4,196,Kalideres, Jakarta Barat
3300000000,hgb,4,3,8,Koja, Jakarta Utara
5100000000,hgb,4,4,210,Pantai Indah Kapuk, Jakarta Utara
6500000000,hgb,3,3,223,Pantai Indah Kapuk, Jakarta Utara
2600000000,hgb,4,3,150,Penjaringan, Jakarta Utara
1700000000,hgb,3,2,120,Cibubur, Jakarta Timur
220000000,hgb,1,1,25,Kebon Jeruk, Jakarta Barat
3850000000,hgb,5,4,185,Setia Budi, Jakarta Selatan
2650000000,hgb,4,4,288,Tebet, Jakarta Selatan
45000000,hgb,2,1,30,Cibubur, Jakarta Timur
2769170000,hgb,3,2,87,Tebet, Jakarta Selatan
1300000000,hgb,2,1,90,Grogol Petamburan, Jakarta Barat
400000000,hgb,2,2,72,Cengkareng, Jakarta Barat
2800000000,hgb,1,4,250,Grogol Petamburan, Jakarta Barat
750000000,hgb,3,1,64,Palmerah, Jakarta Barat
697000000,hgb,1,1,0,Cibubur, Jakarta Timur
1200000000,hgb,1,1,0,Cibubur, Jakarta Timur
1500000000,hgb,3,2,57,Cibubur, Jakarta Timur
6000000000,hgb,5,5,267,Cibubur, Jakarta Timur
700000000,hgb,3,2,33,Pademangan, Jakarta Utara
1700000000,hgb,3,2,140,Cibubur, Jakarta Timur
600000000,hgb,2,1,40,Kembangan, Jakarta Barat
6000000000,hgb,5,5,252,Cibubur, Jakarta Timur
5500000000,hgb,7,5,225,Tanjung Priok, Jakarta Utara
7500000000,hgb,3,4,240,Penjaringan, Jakarta Utara
3300000000,hgb,3,3,120,Penjaringan, Jakarta Utara
1000000000,hgb,3,2,99,Cibubur, Jakarta Timur
4773585328,hgb,5,5,250,Cakung, Jakarta Timur
11600000000,hgb,5,5,700,Cibubur, Jakarta Timur
33000000,hgb,1,1,5200,Penjaringan, Jakarta Utara
1700000000,hgb,3,2,145,Cibubur, Jakarta Timur
2600000,hgb,1,2,60,Pasar Minggu, Jakarta Selatan
1000000000,hgb,2,1,70,Cibubur, Jakarta Timur
1500000000,hgb,7,2,90,Menteng, Jakarta Pusat
5800000000,hgb,6,5,328,Cakung, Jakarta Timur
1300000000,hgb,3,2,98,Cakung, Jakarta Timur
2150000000,hgb,4,3,132,Cakung, Jakarta Timur
3600000000,hgb,4,2,140,Pancoran, Jakarta Selatan
2100000000,hgb,2,2,150,Tanah Abang, Jakarta Pusat
1100000000,hgb,5,3,160,Jatinegara, Jakarta Timur
5900000000,hgb,4,4,400,Kemang, Jakarta Selatan
350000000,hgb,1,1,21,Pademangan, Jakarta Utara
3000000000,hgb,5,4,176,Cengkareng, Jakarta Barat
17000000000,hgb,5,5,900,Pantai Indah Kapuk, Jakarta Utara
1920000000,hgb,4,3,104,Pesanggrahan, Jakarta Selatan
14999999999,hgb,4,4,600,Pantai Indah Kapuk, Jakarta Utara
13000000000,hgb,5,3,300,Senen, Jakarta Pusat
4500000000,hgb,3,2,210,Tanah Abang, Jakarta Pusat
930032682,hgb,2,1,45,Kebayoran Lama, Jakarta Selatan
2000000000,hgb,3,2,100,Duren Sawit, Jakarta Timur
1650000000,hgb,4,2,200,Cilincing, Jakarta Utara
3000000000,hgb,4,2,250,Cakung, Jakarta Timur
800000000,hgb,3,1,120,Duren Sawit, Jakarta Timur
1900000000,hgb,4,3,90,Kebayoran Lama, Jakarta Selatan
1980000000,hgb,3,3,119,Kebayoran Lama, Jakarta Selatan
1680000000,hgb,4,3,88,Pesanggrahan, Jakarta Selatan
1750000000,hgb,3,3,94,Pesanggrahan, Jakarta Selatan
1950000000,hgb,5,4,144,Cengkareng, Jakarta Barat
2649000000,hgb,5,4,160,Kembangan, Jakarta Barat
6000000000,hgb,7,7,350,Cengkareng, Jakarta Barat
850000000,hgb,3,1,80,Cengkareng, Jakarta Barat
7300000000,hgb,6,6,200,Kemayoran, Jakarta Pusat
3500000000,hgb,5,4,300,Tanjung Barat, Jakarta Selatan
3241248986,hgb,5,4,140,Cakung, Jakarta Timur
1100000000,hgb,5,2,200,Jagakarsa, Jakarta Selatan
490000000,hgb,3,2,70,Cibubur, Jakarta Timur
3200000000,hgb,6,4,190,Cengkareng, Jakarta Barat
160,hgb,1,1,21,Taman Sari, Jakarta Barat
13000000000,hgb,5,2,481,Cilandak, Jakarta Selatan
2400000000,hgb,5,4,240,Pancoran, Jakarta Selatan
4000000000,hgb,4,4,275,Cakung, Jakarta Timur
8800000000,hgb,6,7,324,Kelapa Gading, Jakarta Utara
5800000000,hgb,5,6,218,Kelapa Gading, Jakarta Utara
3900000000,hgb,5,6,178,Kelapa Gading, Jakarta Utara
850000000,hgb,4,1,60,Pademangan, Jakarta Utara
1400000000,hgb,4,3,89,Cilincing, Jakarta Utara
400000000,hgb,8,2,350,Sawah Besar, Jakarta Pusat
800000000,hgb,4,1,80,Tanjung Priok, Jakarta Utara
20000000,hgb,2,1,25,Pasar Rebo, Jakarta Timur
2150000000,hgb,3,2,98,Tanah Abang, Jakarta Pusat
5000000000,hgb,9,3,280,Koja, Jakarta Utara
13000000000,hgb,6,3,481,Cilandak, Jakarta Selatan
7000000000,hgb,3,5,350,Pantai Indah Kapuk, Jakarta Utara
3200000000,hgb,6,3,260,Kalideres, Jakarta Barat
800000000,hgb,6,2,120,Penjaringan, Jakarta Utara
130000000,hgb,1,1,12,Matraman, Jakarta Timur
30000000,hgb,2,1,60,Kebon Jeruk, Jakarta Barat
1500000000,hgb,3,3,76,Setia Budi, Jakarta Selatan
1500000000,hgb,2,2,90,Cibubur, Jakarta Timur
12000000000,hgb,8,5,350,Pulo Gadung, Jakarta Timur
1600000000,hgb,2,1,90,Cengkareng, Jakarta Barat
398000000,hgb,2,2,60,Cibubur, Jakarta Timur
225000000,hgb,1,1,25,Kebon Jeruk, Jakarta Barat
585000000,hgb,2,1,36,Cibubur, Jakarta Timur
33000000000,hgb,6,5,600,Kebayoran Lama, Jakarta Selatan
16500000000,hgb,5,5,820,Penjaringan, Jakarta Utara
30000000000,hgb,4,3,350,Menteng, Jakarta Pusat
6750000000,hgb,7,6,348,Kembangan, Jakarta Barat
3500000000,hgb,6,3,300,Jatinegara, Jakarta Timur
13890000000,hgb,4,2,210,Tebet, Jakarta Selatan
1500000000,hgb,4,3,120,Cilincing, Jakarta Utara
13900000000,hgb,8,4,325,Cempaka Putih, Jakarta Pusat
1600000000,hgb,3,2,72,Jagakarsa, Jakarta Selatan
1800000000,hgb,3,3,119,Cilangkap, Jakarta Timur
1800000000,hgb,4,3,99,Tanah Abang, Jakarta Pusat
1200000000,hgb,4,2,120,Gambir, Jakarta Pusat
23000000000,hgb,4,3,345,Menteng, Jakarta Pusat
10800000000,hgb,5,5,572,Cibubur, Jakarta Timur
2000000000,hgb,4,2,140,Kebayoran Lama, Jakarta Selatan
1485000000,hgb,3,2,200,Pasar Minggu, Jakarta Selatan
400000000,hgb,2,2,80,Palmerah, Jakarta Barat
8000000000,hgb,2,2,100,Duren Sawit, Jakarta Timur
200000000,hgb,2,1,8,Cilincing, Jakarta Utara
3900000000,hgb,4,2,100,Duren Sawit, Jakarta Timur
3500000000,hgb,5,5,330,Duren Sawit, Jakarta Timur
2000000000,hgb,4,2,140,Cilandak, Jakarta Selatan
1500000000,hgb,4,4,110,Mampang Prapatan, Jakarta Selatan
1600000000,hgb,3,2,58,Kalideres, Jakarta Barat
4090000000,hgb,4,2,215,Pancoran, Jakarta Selatan
200000000,hgb,2,1,72,Pademangan, Jakarta Utara
4500000000,hgb,5,5,108,Pademangan, Jakarta Utara
699000000,hgb,1,1,80,Mampang Prapatan, Jakarta Selatan
4900000000,hgb,6,5,320,Cibubur, Jakarta Timur
680000000,hgb,2,2,51,Kalideres, Jakarta Barat
600000000,hgb,4,2,100,Duren Sawit, Jakarta Timur
2900000000,hgb,3,3,112,Cengkareng, Jakarta Barat
6700000000,hgb,4,4,263,Cilandak, Jakarta Selatan
2320000000,hgb,2,2,69,Cilincing, Jakarta Utara
1747884473,hgb,5,3,93,Cakung, Jakarta Timur
2800000000,hgb,3,3,108,Cengkareng, Jakarta Barat
3000000000,hgb,4,4,270,Cengkareng, Jakarta Barat
3000000000,hgb,6,4,220,Cibubur, Jakarta Timur
825000000,hgb,4,2,40,Taman Sari, Jakarta Barat
3850000000,hgb,4,2,140,Pancoran, Jakarta Selatan
2750000000,hgb,3,3,220,Grogol Petamburan, Jakarta Barat
5900000000,hgb,1,1,100,Kebon Jeruk, Jakarta Barat
23000000000,hgb,4,3,354,Menteng, Jakarta Pusat
1680700700,hgb,4,3,88,Pesanggrahan, Jakarta Selatan
9500000000,hgb,5,3,280,Tebet, Jakarta Selatan
850000000,hgb,3,1,108,Tebet, Jakarta Selatan
2700000000,hgb,4,3,180,Bambu Apus, Jakarta Timur
3900000000,hgb,4,3,300,Cibubur, Jakarta Timur
2300000000,hgb,4,3,118,Pancoran, Jakarta Selatan
3822300000,hgb,5,4,359,Kalideres, Jakarta Barat
9000000000,hgb,5,4,350,Setia Budi, Jakarta Selatan
800000000,hgb,1,1,36,Tambora, Jakarta Barat
1980000000,hgb,3,3,119,Pesanggrahan, Jakarta Selatan
750000000,hgb,2,1,70,Cibubur, Jakarta Timur
9500000000,hgb,6,4,260,Cipayung, Jakarta Timur
1800000000,hgb,9,3,129,Cempaka Putih, Jakarta Pusat
19000000000,hgb,4,4,400,Kebayoran Lama, Jakarta Selatan
2200000000,hgb,6,6,375,Tanjung Priok, Jakarta Utara
495000000,hgb,3,2,70,Cibubur, Jakarta Timur
12000000000,hgb,6,4,178,Tanah Abang, Jakarta Pusat
5900000000,hgb,4,4,400,Bambu Apus, Jakarta Timur
3100000000,hgb,6,2,350,Kebayoran Baru, Jakarta Selatan
235000000,hgb,2,2,61,Cengkareng, Jakarta Barat
7000000000,hgb,4,3,250,Setia Budi, Jakarta Selatan
1175000000,hgb,3,3,70,Jagakarsa, Jakarta Selatan
250000000,hgb,1,1,22,Tanah Abang, Jakarta Pusat
5500000000,hgb,8,6,280,Duren Sawit, Jakarta Timur
6700000000,hgb,5,5,246,Pesanggrahan, Jakarta Selatan
185000000,hgb,2,1,27,Pancoran, Jakarta Selatan
2500000000,hgb,6,5,200,Tebet, Jakarta Selatan
1500000000,hgb,2,1,63,Ciracas, Jakarta Timur
200000000,hgb,3,1,60,Cakung, Jakarta Timur
9000000000,hgb,4,3,300,Tanjung Priok, Jakarta Utara
950000000,hgb,3,2,70,Matraman, Jakarta Timur
2300000000,hgb,4,3,118,Cibubur, Jakarta Timur
250000000,hgb,4,4,180,Cibubur, Jakarta Timur
875000000,lainnya,2,1,90,Tambora, Jakarta Barat
125000000,lainnya,1,1,21,Cilandak, Jakarta Selatan
110000000,lainnya,2,1,25,Jatinegara, Jakarta Timur
510000000,lainnya,4,2,128,Tanah Abang, Jakarta Pusat
6700000000,lainnya,5,4,600,Kelapa Gading, Jakarta Utara
6500000000,lainnya,5,5,218,Cakung, Jakarta Timur
235000000,lainnya,1,1,40,Cipayung, Jakarta Timur
240000000,lainnya,1,1,60,Pancoran, Jakarta Selatan
450000000,lainnya,2,1,42,Kramat Jati, Jakarta Timur
350000000,lainnya,3,3,63,Tanjung Priok, Jakarta Utara
300000000,lainnya,4,2,100,Kemang, Jakarta Selatan
1200000000,lainnya,3,2,144,Cakung, Jakarta Timur
8300000000,lainnya,4,4,450,Penjaringan, Jakarta Utara
24000000000,lainnya,7,7,600,Penjaringan, Jakarta Utara
9000000000,lainnya,4,4,450,Penjaringan, Jakarta Utara
14000000000,lainnya,4,5,480,Penjaringan, Jakarta Utara
2500000000,lainnya,3,2,118,Taman Sari, Jakarta Barat
450000000,lainnya,3,3,52,Kebon Jeruk, Jakarta Barat
1300000000,lainnya,3,1,150,Makasar, Jakarta Timur
1900000000,lainnya,3,2,300,Pulo Gadung, Jakarta Timur
4600000000,lainnya,3,3,143,Penjaringan, Jakarta Utara
8300000000,lainnya,3,4,300,Penjaringan, Jakarta Utara
5950000000,lainnya,3,4,240,Penjaringan, Jakarta Utara
5900000000,lainnya,4,5,320,Penjaringan, Jakarta Utara
6000000000,lainnya,4,4,240,Penjaringan, Jakarta Utara
3300000000,lainnya,3,4,126,Penjaringan, Jakarta Utara
1300000000,lainnya,2,1,72,Pantai Indah Kapuk, Jakarta Utara
315000000,lainnya,2,1,46,Cipayung, Jakarta Timur
3600000000,lainnya,5,5,176,Cipayung, Jakarta Timur
2850000000,lainnya,5,5,220,Cengkareng, Jakarta Barat
4500000000,lainnya,3,3,162,Pantai Indah Kapuk, Jakarta Utara
360000000,lainnya,3,2,70,Duren Sawit, Jakarta Timur
899000000,lainnya,3,2,150,Tambora, Jakarta Barat
435000000,lainnya,2,1,45,Jatinegara, Jakarta Timur
200000000,lainnya,1,1,20,Tambora, Jakarta Barat
1249000000,lainnya,4,4,200,Duren Sawit, Jakarta Timur
2400000000,lainnya,4,3,168,Cakung, Jakarta Timur
4300000000,lainnya,3,3,120,Penjaringan, Jakarta Utara
1125000000,lainnya,2,2,63,Penjaringan, Jakarta Utara
1800000000,lainnya,3,3,98,Penjaringan, Jakarta Utara
500000000,lainnya,2,1,80,Cipayung, Jakarta Timur
53000000000,lainnya,3,3,741,Setia Budi, Jakarta Selatan
625000000,lainnya,1,1,50,Tebet, Jakarta Selatan
90000000,lainnya,2,1,30,Menteng, Jakarta Pusat
1333000000,lainnya,5,3,200,Kebayoran Lama, Jakarta Selatan
1400000000,lainnya,1,1,0,Kelapa Gading, Jakarta Utara
1200000000,lainnya,4,3,140,Jatinegara, Jakarta Timur
5500000000,lainnya,3,3,210,Penjaringan, Jakarta Utara
9000000000,lainnya,5,6,450,Kebon Jeruk, Jakarta Barat
2241,lainnya,1,1,90,Kebon Jeruk, Jakarta Barat
2700000000,lainnya,3,4,160,Cakung, Jakarta Timur
800000000,lainnya,1,1,96,Palmerah, Jakarta Barat
6500000000,lainnya,8,4,200,Jagakarsa, Jakarta Selatan
35000000,lainnya,1,1,18,Kemayoran, Jakarta Pusat
185000000,lainnya,2,1,36,Kalideres, Jakarta Barat
2800000000,lainnya,3,3,130,Pantai Indah Kapuk, Jakarta Utara
2400000000,lainnya,3,3,105,Pantai Indah Kapuk, Jakarta Utara
1700000000,lainnya,2,2,79,Pantai Indah Kapuk, Jakarta Utara
450000000,lainnya,2,2,72,Tambora, Jakarta Barat
3200000000,lainnya,4,3,176,Kebon Jeruk, Jakarta Barat
2700000000,lainnya,3,3,155,Kebon Jeruk, Jakarta Barat
2000000000,lainnya,3,3,110,Kebon Jeruk, Jakarta Barat
5500000000,lainnya,4,3,250,Kebon Jeruk, Jakarta Barat
1980000000,lainnya,3,3,96,Kebon Jeruk, Jakarta Barat
1300000000,lainnya,2,2,84,Pesanggrahan, Jakarta Selatan
8500000000,lainnya,4,2,200,Tebet, Jakarta Selatan
900000000,lainnya,3,1,76,Matraman, Jakarta Timur
225000000,lainnya,1,1,21,Jatinegara, Jakarta Timur
5200000000,lainnya,4,4,280,Pantai Indah Kapuk, Jakarta Utara
3000000000,lainnya,3,3,150,Pantai Indah Kapuk, Jakarta Utara
790000000,lainnya,2,2,40,Ciracas, Jakarta Timur
3000000000,lainnya,3,3,120,Pantai Indah Kapuk, Jakarta Utara
1200000000,lainnya,4,4,128,Kalideres, Jakarta Barat
525000000,lainnya,2,1,36,Ciracas, Jakarta Timur
3500000000,lainnya,3,2,200,Tambora, Jakarta Barat
1200000000,lainnya,2,1,113,Kembangan, Jakarta Barat
180000,lainnya,1,1,25,Pasar Minggu, Jakarta Selatan
850000000,lainnya,3,2,80,Cibubur, Jakarta Timur
1400000000,lainnya,10,10,350,Kembangan, Jakarta Barat
58000000000,lainnya,10,10,800,Tanah Abang, Jakarta Pusat
100000000,lainnya,1,1,44,Makasar, Jakarta Timur
500000000,lainnya,1,1,28,Jagakarsa, Jakarta Selatan
5050000000,lainnya,4,4,201,Pantai Indah Kapuk, Jakarta Utara
325000000,lainnya,2,1,40,Duren Sawit, Jakarta Timur
155000000,lainnya,2,1,30,Kebayoran Lama, Jakarta Selatan
2800000000,lainnya,3,3,135,Cengkareng, Jakarta Barat
3500000000,lainnya,4,5,132,Penjaringan, Jakarta Utara
2700000000,lainnya,3,4,60,Penjaringan, Jakarta Utara
395000000,lainnya,2,1,75,Cilangkap, Jakarta Timur
361350000,lainnya,2,1,36,Matraman, Jakarta Timur
360000000,lainnya,2,1,39,Matraman, Jakarta Timur
650000000,lainnya,2,1,105,Ciracas, Jakarta Timur
450000000,lainnya,3,1,78,Kramat Jati, Jakarta Timur
2700000000,lainnya,3,3,60,Menteng, Jakarta Pusat
11000000,lainnya,3,2,114,Cengkareng, Jakarta Barat
6200000000,lainnya,7,2,300,Setia Budi, Jakarta Selatan
1599000000,lainnya,5,2,300,Duren Sawit, Jakarta Timur
900000000,lainnya,3,2,125,Duren Sawit, Jakarta Timur
200000000,lainnya,1,1,30,Makasar, Jakarta Timur
2350000000,lainnya,4,3,168,Grogol Petamburan, Jakarta Barat
250000000,lainnya,2,1,65,Cilangkap, Jakarta Timur
3500000000,lainnya,3,3,120,Pantai Indah Kapuk, Jakarta Utara
3000000000,lainnya,4,4,119,Pantai Indah Kapuk, Jakarta Utara
599000011,lainnya,2,1,36,Pesanggrahan, Jakarta Selatan
1690000000,lainnya,3,2,55,Pantai Indah Kapuk, Jakarta Utara
4900000000,lainnya,4,4,180,Pantai Indah Kapuk, Jakarta Utara
6000000000,lainnya,4,4,250,Pantai Indah Kapuk, Jakarta Utara
7000000000,lainnya,4,4,225,Pantai Indah Kapuk, Jakarta Utara
1500000000,lainnya,3,3,73,Pantai Indah Kapuk, Jakarta Utara
2600000000,lainnya,3,3,90,Pantai Indah Kapuk, Jakarta Utara
6000000000,lainnya,3,3,120,Pantai Indah Kapuk, Jakarta Utara
19000000000,lainnya,5,5,600,Pantai Indah Kapuk, Jakarta Utara
8250000000,lainnya,4,4,380,Pantai Indah Kapuk, Jakarta Utara
5300000000,lainnya,4,4,280,Pantai Indah Kapuk, Jakarta Utara
9500000000,lainnya,4,4,450,Pantai Indah Kapuk, Jakarta Utara
650000000,lainnya,2,2,70,Kramat Jati, Jakarta Timur
2400000000,lainnya,3,2,100,Pesanggrahan, Jakarta Selatan
285000000,lainnya,1,1,45,Cibubur, Jakarta Timur
4500000000,lainnya,3,2,120,Pantai Indah Kapuk, Jakarta Utara
4300000000,lainnya,3,2,160,Pantai Indah Kapuk, Jakarta Utara
260000000,lainnya,2,1,36,Kembangan, Jakarta Barat
1500000000,lainnya,3,2,86,Matraman, Jakarta Timur
2200000000,lainnya,3,3,45,Kelapa Gading, Jakarta Utara
60000000000,lainnya,6,9,1500,Penjaringan, Jakarta Utara
3600000000,lainnya,4,3,116,Cakung, Jakarta Timur
4300000000,lainnya,4,3,288,Cakung, Jakarta Timur
1400000000,lainnya,1,1,140,Duren Sawit, Jakarta Timur
285000000,lainnya,1,1,45,Cakung, Jakarta Timur
500000000,lainnya,1,1,45,Kramat Jati, Jakarta Timur
380000000,lainnya,2,2,48,Kramat Jati, Jakarta Timur
1000000000,lainnya,4,2,70,Kramat Jati, Jakarta Timur
575000000,lainnya,2,1,90,Kramat Jati, Jakarta Timur
650000000,lainnya,2,1,50,Kramat Jati, Jakarta Timur
285000000,lainnya,1,1,45,Tebet, Jakarta Selatan
285000000,lainnya,1,1,45,Pulo Gadung, Jakarta Timur
2300000000,lainnya,2,2,60,Pantai Indah Kapuk, Jakarta Utara
270000000,lainnya,1,1,70,Jagakarsa, Jakarta Selatan
475000006,lainnya,2,1,82,Tambora, Jakarta Barat
220000000,lainnya,2,1,45,Kramat Jati, Jakarta Timur
300000000,lainnya,2,1,45,Cipayung, Jakarta Timur
2000000000,lainnya,9,4,200,Matraman, Jakarta Timur
1050000000,lainnya,3,1,118,Cilandak, Jakarta Selatan
105000000,lainnya,1,1,22,Cengkareng, Jakarta Barat
4000000000,lainnya,4,3,120,Tebet, Jakarta Selatan
4500000000,lainnya,3,3,153,Penjaringan, Jakarta Utara
160000000,lainnya,1,1,19,Kebon Jeruk, Jakarta Barat
110000000,lainnya,1,1,19,Duren Sawit, Jakarta Timur
100000000,lainnya,1,1,12,Pulo Gadung, Jakarta Timur
1500000000,lainnya,3,2,120,Senen, Jakarta Pusat
250000000,lainnya,2,2,30,Cengkareng, Jakarta Barat
230000000,lainnya,1,1,23,Jatinegara, Jakarta Timur
1650000000,lainnya,3,3,63,Cakung, Jakarta Timur
11500000000,lainnya,4,3,420,Pantai Indah Kapuk, Jakarta Utara
350000000,lainnya,4,4,216,Pantai Indah Kapuk, Jakarta Utara
9000000000,lainnya,3,4,450,Penjaringan, Jakarta Utara
6000000000,lainnya,3,3,240,Penjaringan, Jakarta Utara
5700000000,lainnya,3,3,192,Penjaringan, Jakarta Utara
4100000000,lainnya,3,3,250,Penjaringan, Jakarta Utara
4500000000,lainnya,4,3,240,Pantai Indah Kapuk, Jakarta Utara
11500000000,lainnya,4,3,625,Pantai Indah Kapuk, Jakarta Utara
185000000,lainnya,1,1,50,Jatinegara, Jakarta Timur
3700000000,lainnya,3,3,100,Kramat Jati, Jakarta Timur
3900000000,lainnya,4,4,146,Pantai Indah Kapuk, Jakarta Utara
180000000,lainnya,1,1,18,Kramat Jati, Jakarta Timur
2750000000,lainnya,5,4,150,Cakung, Jakarta Timur
350000000,lainnya,1,1,25,Cempaka Putih, Jakarta Pusat
3200000000,lainnya,4,4,136,Pantai Indah Kapuk, Jakarta Utara
2250000000,lainnya,3,2,79,Pantai Indah Kapuk, Jakarta Utara
2500000000,lainnya,4,3,107,Pantai Indah Kapuk, Jakarta Utara
4500000000,lainnya,4,3,142,Pantai Indah Kapuk, Jakarta Utara
2000000000,lainnya,3,2,79,Pantai Indah Kapuk, Jakarta Utara
4200000000,lainnya,4,4,170,Pantai Indah Kapuk, Jakarta Utara
4500000000,lainnya,4,4,170,Pantai Indah Kapuk, Jakarta Utara
2100000000,lainnya,3,2,62,Pantai Indah Kapuk, Jakarta Utara
2800000000,lainnya,4,3,103,Pantai Indah Kapuk, Jakarta Utara
2040000000,lainnya,3,2,96,Pantai Indah Kapuk, Jakarta Utara
1700000000,lainnya,3,3,76,Pantai Indah Kapuk, Jakarta Utara
2000000000,lainnya,3,3,85,Pantai Indah Kapuk, Jakarta Utara
2700000000,lainnya,4,3,105,Pantai Indah Kapuk, Jakarta Utara
3750000000,lainnya,4,4,107,Pantai Indah Kapuk, Jakarta Utara
12000000000,lainnya,5,3,330,Pantai Indah Kapuk, Jakarta Utara
6500000000,lainnya,4,4,209,Pantai Indah Kapuk, Jakarta Utara
3300000000,lainnya,4,3,142,Pantai Indah Kapuk, Jakarta Utara
1500000000,lainnya,2,2,62,Pantai Indah Kapuk, Jakarta Utara
2700000000,lainnya,3,2,73,Pantai Indah Kapuk, Jakarta Utara
400000000,lainnya,2,1,50,Pesanggrahan, Jakarta Selatan
8500000000,lainnya,4,4,297,Pantai Indah Kapuk, Jakarta Utara
450000000,lainnya,1,1,40,Kramat Jati, Jakarta Timur
575000000,lainnya,2,2,70,Kramat Jati, Jakarta Timur
1200000000,lainnya,10,4,200,Palmerah, Jakarta Barat
230000000,lainnya,2,1,38,Duren Sawit, Jakarta Timur
300000000,lainnya,2,1,70,Tambora, Jakarta Barat
1593000000,lainnya,3,2,67,Cibubur, Jakarta Timur
3127000000,lainnya,4,4,118,Cibubur, Jakarta Timur
2300000000,lainnya,5,2,200,Palmerah, Jakarta Barat
950000000,lainnya,3,2,100,Duren Sawit, Jakarta Timur
1500000000,lainnya,3,1,120,Kebon Jeruk, Jakarta Barat
3800000000,lainnya,3,3,90,Pantai Indah Kapuk, Jakarta Utara
3800000000,lainnya,3,3,132,Pantai Indah Kapuk, Jakarta Utara
8500000000,lainnya,6,4,297,Pulo Gadung, Jakarta Timur
1000000000,lainnya,3,3,100,Cakung, Jakarta Timur
255000000,lainnya,2,2,100,Kembangan, Jakarta Barat
385000000,lainnya,1,1,40,Duren Sawit, Jakarta Timur
4000000000,lainnya,3,3,142,Cilandak, Jakarta Selatan
750000000,lainnya,2,3,152,Kramat Jati, Jakarta Timur
550000000,lainnya,1,1,66,Tomang, Jakarta Barat
1300000000,lainnya,3,2,160,Kebon Jeruk, Jakarta Barat
1550000000,lainnya,10,10,200,Palmerah, Jakarta Barat
10000000000,lainnya,5,3,360,Penjaringan, Jakarta Utara
16700000000,lainnya,3,3,398,Pantai Indah Kapuk, Jakarta Utara
200000000,lainnya,2,1,44,Kalisari, Jakarta Timur
350000000,lainnya,2,1,70,Cilangkap, Jakarta Timur
385000000,lainnya,2,1,40,Kembangan, Jakarta Barat
200000000,lainnya,3,2,35,Duren Sawit, Jakarta Timur
851000000,lainnya,3,2,79,Cibubur, Jakarta Timur
255000000,lainnya,2,1,25,Cengkareng, Jakarta Barat
6500000000,lainnya,3,2,160,Penjaringan, Jakarta Utara
700000000,lainnya,1,1,100,Jagakarsa, Jakarta Selatan
4000000000,lainnya,3,3,160,Pantai Indah Kapuk, Jakarta Utara
2600000000,lainnya,3,2,98,Pantai Indah Kapuk, Jakarta Utara
8000000000,lainnya,4,4,224,Pantai Indah Kapuk, Jakarta Utara
2600000000,lainnya,2,2,73,Grogol Petamburan, Jakarta Barat
285000000,lainnya,2,1,40,Jagakarsa, Jakarta Selatan
2900000000,lainnya,4,4,90,Pantai Indah Kapuk, Jakarta Utara
2500000000,lainnya,2,1,100,Kelapa Gading, Jakarta Utara
835000000,lainnya,3,2,90,Kramat Jati, Jakarta Timur
7000000000,lainnya,5,5,218,Cakung, Jakarta Timur
300000000,lainnya,2,1,60,Kramat Jati, Jakarta Timur
3300000000,lainnya,3,2,120,Penjaringan, Jakarta Utara
7200000000,lainnya,3,2,200,Penjaringan, Jakarta Utara
1400000000,lainnya,3,3,76,Pantai Indah Kapuk, Jakarta Utara
18000000001,lainnya,9,5,265,Palmerah, Jakarta Barat
3950000000,lainnya,4,3,240,Daan Mogot, Jakarta Barat
1250000000,lainnya,3,3,90,Penjaringan, Jakarta Utara
3500000000,lainnya,3,2,180,Pantai Indah Kapuk, Jakarta Utara
2150000000,lainnya,3,2,120,Penjaringan, Jakarta Utara
4500000000,lainnya,4,4,299,Penjaringan, Jakarta Utara
450000000,lainnya,1,1,84,Matraman, Jakarta Timur
600000000,lainnya,2,1,55,Duren Sawit, Jakarta Timur
855000000,lainnya,3,3,78,Ciracas, Jakarta Timur
6500000000,lainnya,3,3,360,Penjaringan, Jakarta Utara
2400000000,lainnya,4,4,97,Pantai Indah Kapuk, Jakarta Utara
735000000,lainnya,4,2,105,Duren Sawit, Jakarta Timur
2100000000,lainnya,3,2,48,Penjaringan, Jakarta Utara
5500000000,lainnya,5,5,209,Pantai Indah Kapuk, Jakarta Utara
3900000000,lainnya,3,3,160,Pantai Indah Kapuk, Jakarta Utara
2300000000,lainnya,3,3,105,Pantai Indah Kapuk, Jakarta Utara
2400000000,lainnya,3,2,110,Gambir, Jakarta Pusat
475000000,lainnya,5,5,120,Cipayung, Jakarta Timur
415000000,lainnya,10,5,52,Taman Sari, Jakarta Barat
2400000000,lainnya,3,2,84,Cakung, Jakarta Timur
852000000,lainnya,3,3,78,Ciracas, Jakarta Timur
850000090,lainnya,3,3,78,Cibubur, Jakarta Timur
850000000,lainnya,3,3,78,Cibubur, Jakarta Timur
7000000000,lainnya,4,2,139,Pasar Rebo, Jakarta Timur
160000000,lainnya,1,1,27,Kalideres, Jakarta Barat
300000000,lainnya,2,2,350,Kembangan, Jakarta Barat
3300000000,lainnya,6,4,170,Cakung, Jakarta Timur
2500000000,lainnya,5,5,119,Cakung, Jakarta Timur
7500000000,lainnya,5,6,500,Kalideres, Jakarta Barat
1350000000,lainnya,2,2,45,Pantai Indah Kapuk, Jakarta Utara
2000000000,lainnya,4,2,150,Kebon Jeruk, Jakarta Barat
980000000,lainnya,3,2,200,Cakung, Jakarta Timur
360000000,lainnya,2,2,48,Pulo Gadung, Jakarta Timur
1500000000,lainnya,2,2,100,Cilandak, Jakarta Selatan
1400000000,lainnya,3,2,200,Cibubur, Jakarta Timur
350000000,lainnya,2,1,60,Cilangkap, Jakarta Timur
250000000,lainnya,2,1,38,Kramat Jati, Jakarta Timur
1800000000,lainnya,2,1,132,Jakarta Selatan, Jakarta D.K.I.
700000000,lainnya,2,1,60,Kebon Jeruk, Jakarta Barat
415000000,lainnya,2,2,72,Duren Sawit, Jakarta Timur
600000000,lainnya,2,2,96,Cakung, Jakarta Timur
3700000000,lainnya,3,3,133,Pantai Indah Kapuk, Jakarta Utara
5600000000,lainnya,4,3,222,Setia Budi, Jakarta Selatan
510000000,lainnya,4,2,57,Cakung, Jakarta Timur
69000000,lainnya,1,1,24,Cengkareng, Jakarta Barat
2400000000,lainnya,4,4,98,Pantai Indah Kapuk, Jakarta Utara
2600000000,lainnya,4,4,130,Pantai Indah Kapuk, Jakarta Utara
400000000,lainnya,1,1,80,Cakung, Jakarta Timur
7850000000,lainnya,4,4,297,Pantai Indah Kapuk, Jakarta Utara
5600000000,lainnya,4,3,222,Kebayoran Lama, Jakarta Selatan
370000000,lainnya,2,2,50,Kramat Jati, Jakarta Timur
485000000,lainnya,2,2,60,Palmerah, Jakarta Barat
870000000,lainnya,3,3,61,Grogol Petamburan, Jakarta Barat
450000000,lainnya,2,1,150,Daan Mogot, Jakarta Barat
350000000,lainnya,4,1,105,Kembangan, Jakarta Barat
3500000000,lainnya,1,1,10,Grogol Petamburan, Jakarta Barat
3700000000,lainnya,4,3,266,Pantai Indah Kapuk, Jakarta Utara
155000000,lainnya,1,1,30,Jatinegara, Jakarta Timur
950000000,lainnya,2,2,55,Kebon Jeruk, Jakarta Barat
1000000000,lainnya,5,2,130,Pesanggrahan, Jakarta Selatan
20000000,lainnya,3,3,300,Pesanggrahan, Jakarta Selatan
275000000,lainnya,2,1,50,Pesanggrahan, Jakarta Selatan
375000000,lainnya,2,1,50,Jatinegara, Jakarta Timur
2000000000,lainnya,2,2,140,Kalideres, Jakarta Barat
250000000,lainnya,2,1,30,Pesanggrahan, Jakarta Selatan
360000000,lainnya,2,1,50,Duren Sawit, Jakarta Timur
3300000000,lainnya,3,4,120,Penjaringan, Jakarta Utara
4000000000,lainnya,4,4,180,Penjaringan, Jakarta Utara
3300000000,lainnya,3,3,120,Penjaringan, Jakarta Utara
210000000,lainnya,1,1,30,Palmerah, Jakarta Barat
1680000000,lainnya,3,2,79,Pantai Indah Kapuk, Jakarta Utara
675000000,lainnya,3,2,96,Kramat Jati, Jakarta Timur
330000000,lainnya,2,2,44,Kramat Jati, Jakarta Timur
845000000,lainnya,3,2,100,Kramat Jati, Jakarta Timur
2500000000,lainnya,3,2,79,Cakung, Jakarta Timur
590000000,lainnya,2,2,80,Kramat Jati, Jakarta Timur
535000000,lainnya,2,2,76,Kramat Jati, Jakarta Timur
650000000,lainnya,3,2,100,Kramat Jati, Jakarta Timur
450000000,lainnya,2,2,50,Jatinegara, Jakarta Timur
425000000,lainnya,2,2,60,Kramat Jati, Jakarta Timur
245000000,lainnya,1,1,30,Kramat Jati, Jakarta Timur
290000000,lainnya,1,1,50,Kramat Jati, Jakarta Timur
480000000,lainnya,2,2,60,Kramat Jati, Jakarta Timur
950000000,lainnya,2,1,40,Kalideres, Jakarta Barat
3600000000,lainnya,3,2,102,Penjaringan, Jakarta Utara
28000000000,lainnya,5,4,900,Penjaringan, Jakarta Utara
1000000000,lainnya,2,1,50,Kalideres, Jakarta Barat
2200000000,lainnya,3,2,100,Cengkareng, Jakarta Barat
2900000000,lainnya,4,4,107,Pantai Indah Kapuk, Jakarta Utara
1900000000,lainnya,2,1,78,Pantai Indah Kapuk, Jakarta Utara
65000000,lainnya,1,1,25,Jatinegara, Jakarta Timur
372500000,lainnya,2,1,35,Jatinegara, Jakarta Timur
2500000000,lainnya,5,4,260,Duren Sawit, Jakarta Timur
1800000000,lainnya,3,2,105,Pantai Indah Kapuk, Jakarta Utara
7500000000,lainnya,3,3,500,Pantai Indah Kapuk, Jakarta Utara
1500000000,lainnya,10,10,300,Kramat Jati, Jakarta Timur
24000000000,lainnya,3,3,1260,Pantai Indah Kapuk, Jakarta Utara
1900000000,lainnya,3,3,75,Kalideres, Jakarta Barat
24000000000,lainnya,5,7,900,Pantai Indah Kapuk, Jakarta Utara
7200000000,lainnya,4,3,200,Pantai Indah Kapuk, Jakarta Utara
3100000000,lainnya,3,3,150,Pantai Indah Kapuk, Jakarta Utara
3950000000,lainnya,3,3,150,Pantai Indah Kapuk, Jakarta Utara
1900000000,lainnya,3,3,107,Pantai Indah Kapuk, Jakarta Utara
1100000000,lainnya,2,2,62,Pantai Indah Kapuk, Jakarta Utara
5500000000,lainnya,3,2,160,Pantai Indah Kapuk, Jakarta Utara
2500000000,lainnya,4,4,100,Cakung, Jakarta Timur
3000000000,lainnya,3,4,120,Pantai Indah Kapuk, Jakarta Utara
1400000000,lainnya,2,2,79,Pantai Indah Kapuk, Jakarta Utara
1350000000,lainnya,2,2,85,Pantai Indah Kapuk, Jakarta Utara
150000000,lainnya,1,1,3,Makasar, Jakarta Timur
3900000000,lainnya,3,2,120,Pantai Indah Kapuk, Jakarta Utara
1325000000,lainnya,2,2,62,Pantai Indah Kapuk, Jakarta Utara
2350000000,lainnya,3,3,107,Pantai Indah Kapuk, Jakarta Utara
15500000000,lainnya,5,6,475,Penjaringan, Jakarta Utara
822906000,lainnya,2,1,42,Pulo Gadung, Jakarta Timur
350000000,lainnya,4,2,100,Cakung, Jakarta Timur
6800000000,lainnya,6,4,235,Cempaka Putih, Jakarta Pusat
475000001,lainnya,2,1,44,Tambora, Jakarta Barat
1000000000,lainnya,3,1,45,Cilincing, Jakarta Utara
350000000,lainnya,2,1,36,Pasar Rebo, Jakarta Timur
350000000,lainnya,2,2,50,Kramat Jati, Jakarta Timur
380000000,lainnya,5,6,475,Pantai Indah Kapuk, Jakarta Utara
95000000,lainnya,4,4,128,Pantai Indah Kapuk, Jakarta Utara
210000000,lainnya,1,1,12,Taman Sari, Jakarta Barat
8000000000,lainnya,3,1,150,Tebet, Jakarta Selatan
2600000000,lainnya,4,3,122,Cakung, Jakarta Timur
24000000000,lainnya,4,6,1080,Pantai Indah Kapuk, Jakarta Utara
245000000,lainnya,1,1,21,Jatinegara, Jakarta Timur
250000000,lainnya,1,1,40,Jatinegara, Jakarta Timur
374500000,lainnya,2,1,35,Jatinegara, Jakarta Timur
280000000,lainnya,2,2,86,Kembangan, Jakarta Barat
2500000000,lainnya,4,4,90,Cakung, Jakarta Timur
6500000000,lainnya,4,3,240,Kalideres, Jakarta Barat
200000000,lainnya,1,1,30,Cipayung, Jakarta Timur
2300000000,lainnya,5,3,210,Kalideres, Jakarta Barat
11000000000,lainnya,4,4,480,Pantai Indah Kapuk, Jakarta Utara
4300000000,lainnya,4,3,156,Cakung, Jakarta Timur
4800000000,lainnya,4,3,235,Cakung, Jakarta Timur
4350000000,lainnya,2,2,168,Penjaringan, Jakarta Utara
3000000000,lainnya,4,3,119,Cakung, Jakarta Timur
13800000000,lainnya,6,6,640,Pantai Indah Kapuk, Jakarta Utara
28000000000,lainnya,4,4,750,Penjaringan, Jakarta Utara
4500000000,lainnya,3,2,160,Penjaringan, Jakarta Utara
5300000000,lainnya,3,3,160,Penjaringan, Jakarta Utara
1400000000,lainnya,3,3,141,Cakung, Jakarta Timur
450000000,lainnya,2,1,70,Kramat Jati, Jakarta Timur
6500000000,lainnya,5,4,1102,Cengkareng, Jakarta Barat
7800000000,lainnya,3,3,300,Penjaringan, Jakarta Utara
60000000000,lainnya,4,9,1500,Penjaringan, Jakarta Utara
1800000,lainnya,1,1,36,Palmerah, Jakarta Barat
3250000000,lainnya,3,1,200,Kalisari, Jakarta Timur
300000000,lainnya,2,2,54,Cengkareng, Jakarta Barat
700000000,lainnya,3,2,62,Kramat Jati, Jakarta Timur
5195000000,lainnya,3,3,160,Pantai Indah Kapuk, Jakarta Utara
430000000,lainnya,2,1,80,Grogol Petamburan, Jakarta Barat
320000000,lainnya,1,1,40,Kebayoran Lama, Jakarta Selatan
430000000,lainnya,2,1,80,Sawah Besar, Jakarta Pusat
350000000,lainnya,1,1,30,Pesanggrahan, Jakarta Selatan
220000000,lainnya,1,1,30,Tambora, Jakarta Barat
4000000000,lainnya,5,1,90,Menteng, Jakarta Pusat
4950000000,lainnya,3,3,160,Penjaringan, Jakarta Utara
1900000000,lainnya,2,2,96,Pantai Indah Kapuk, Jakarta Utara
350000000,lainnya,2,1,56,Cengkareng, Jakarta Barat
4400000000,lainnya,3,4,132,Penjaringan, Jakarta Utara
2500000000,lainnya,3,3,105,Pantai Indah Kapuk, Jakarta Utara
1700000000,lainnya,2,1,79,Pantai Indah Kapuk, Jakarta Utara
1300000000,lainnya,2,2,62,Pantai Indah Kapuk, Jakarta Utara
4200000000,lainnya,4,3,187,Daan Mogot, Jakarta Barat
450000000,lainnya,3,2,115,Kemang, Jakarta Selatan
50000000,lainnya,1,1,21,Cengkareng, Jakarta Barat
1100000000,lainnya,6,6,200,Cibubur, Jakarta Timur
120000000,lainnya,1,1,35,Mampang Prapatan, Jakarta Selatan
11000000000,lainnya,4,3,330,Pantai Indah Kapuk, Jakarta Utara
